TransactionID,ProductName,Quantity,InvoiceDate,CustomerID,UnitPrice
10001,Bread,1,2025-01-05,1001,2.50
10001,Butter,1,2025-01-05,1001,3.00
10001,Jam,1,2025-01-05,1001,2.75
10002,Bread,2,2025-01-06,1002,2.50
10002,Milk,1,2025-01-06,1002,2.20
10002,Eggs,1,2025-01-06,1002,3.50
10003,Bread,1,2025-01-07,1003,2.50
10003,Butter,1,2025-01-07,1003,3.00
10004,Milk,2,2025-01-08,1004,2.20
10004,Eggs,1,2025-01-08,1004,3.50
10004,Bread,1,2025-01-08,1004,2.50
10005,Bread,1,2025-01-10,1005,2.50
10005,Jam,1,2025-01-10,1005,2.75
10005,Butter,1,2025-01-10,1005,3.00
10006,Tea,1,2025-01-12,1006,4.00
10006,Sugar,1,2025-01-12,1006,1.80
10006,Milk,1,2025-01-12,1006,2.20
10007,Coffee,1,2025-02-02,1007,6.50
10007,Milk,1,2025-02-02,1007,2.20
10007,Sugar,1,2025-02-02,1007,1.80
10008,Bread,1,2025-02-05,1008,2.50
10008,Butter,1,2025-02-05,1008,3.00
10008,Jam,1,2025-02-05,1008,2.75
10009,Bread,1,2025-02-07,1009,2.50
10009,Eggs,1,2025-02-07,1009,3.50
10010,Milk,1,2025-02-09,1010,2.20
10010,Eggs,1,2025-02-09,1010,3.50
10010,Cereal,1,2025-02-09,1010,4.50
10011,Bread,1,2025-03-03,1001,2.50
10011,Butter,1,2025-03-03,1001,3.00
10011,Jam,1,2025-03-03,1001,2.75
10012,Bread,1,2025-03-05,1002,2.50
10012,Milk,1,2025-03-05,1002,2.20
10012,Eggs,1,2025-03-05,1002,3.50
10013,Coffee,1,2025-03-07,1003,6.50
10013,Milk,1,2025-03-07,1003,2.20
10013,Sugar,1,2025-03-07,1003,1.80
10014,Tea,1,2025-04-01,1004,4.00
10014,Sugar,1,2025-04-01,1004,1.80
10014,Milk,1,2025-04-01,1004,2.20
10015,Bread,1,2025-04-04,1005,2.50
10015,Butter,1,2025-04-04,1005,3.00
10016,Bread,1,2025-05-02,1006,2.50
10016,Jam,1,2025-05-02,1006,2.75
10016,Butter,1,2025-05-02,1006,3.00
10017,Milk,1,2025-05-05,1007,2.20
10017,Eggs,1,2025-05-05,1007,3.50
10018,Bread,1,2025-06-01,1008,2.50
10018,Butter,1,2025-06-01,1008,3.00
10018,Jam,1,2025-06-01,1008,2.75
10019,Coffee,1,2025-06-05,1009,6.50
10019,Milk,1,2025-06-05,1009,2.20
10019,Sugar,1,2025-06-05,1009,1.80
10020,Bread,1,2025-07-01,1010,2.50
10020,Milk,1,2025-07-01,1010,2.20
10020,Eggs,1,2025-07-01,1010,3.50
10021,Bread,1,2025-08-02,1001,2.50
10021,Butter,1,2025-08-02,1001,3.00
10021,Jam,1,2025-08-02,1001,2.75
10022,Coffee,1,2025-09-04,1002,6.50
10022,Milk,1,2025-09-04,1002,2.20
10022,Sugar,1,2025-09-04,1002,1.80
10023,Bread,1,2025-10-03,1003,2.50
10023,Butter,1,2025-10-03,1003,3.00
10023,Jam,1,2025-10-03,1003,2.75
10024,Milk,1,2025-11-01,1004,2.20
10024,Eggs,1,2025-11-01,1004,3.50
10024,Cereal,1,2025-11-01,1004,4.50
10025,Bread,1,2025-12-05,1005,2.50
10025,Butter,1,2025-12-05,1005,3.00
10025,Jam,1,2025-12-05,1005,2.75
